Device (ID),Command ID,Element ID,Class Type,Arg ID,Value,Limit Min,Limit Max,Hints
AAU34(45),3001,PTR-ALT-TMB-MODE-60,BTN,60,1,0,1,Mode Lever, ELEC/OFF/PNEU
AAU34(45),3002,PTR-ALT-TMB-MODE-60,BTN,60,-1,-1,0,Mode Lever, ELEC/OFF/PNEU
AAU34(45),3003,PTR-ALT-LVR-SET-62,LEV,62,0.4,0,1,Barometric Setting Knob
ADI(50),3001,PTR-ADI-LVR-KNOB-22,LEV,22,0,0,1,Pitch Trim Knob
AMI(46),3001,PTR-SPD-LVR-SET-71,LEV,71,0,0,1,SET INDEX Knob
CLOCK(51),3001,PTR-SNSR-TMB-RDR-674,BTN,626,1,0,1,Clock Winding and Setting Knob
CLOCK(51),3002,PTR-SNSR-TMB-RDR-674,LEV,625,0.04,0,1,Clock Winding and Setting Knob
CLOCK(51),3003,PTR-RPAN-WATCH-BTN-CTRL-627,BTN,628,1,0,1,Clock Elapsed Time Knob
CMDS(32),3001,PTR-LPAN-CMDS-TMB-RWR-375,TUMB,375,-1,0,1,RWR 555 Switch, ON/OFF
CMDS(32),3001,PTR-LPAN-CMDS-TMB-RWR-375,TUMB,375,1,0,1,RWR 555 Switch, ON/OFF
CMDS(32),3002,PTR-LPAN-CMDS-TMB-JMR-374,TUMB,374,-1,0,1,JMR Source Switch, ON/OFF
CMDS(32),3002,PTR-LPAN-CMDS-TMB-JMR-374,TUMB,374,1,0,1,JMR Source Switch, ON/OFF
CMDS(32),3003,PTR-LPAN-CMDS-TMB-MWS-373,TUMB,373,-1,0,1,MWS Source Switch, ON/OFF (no function)
CMDS(32),3003,PTR-LPAN-CMDS-TMB-MWS-373,TUMB,373,1,0,1,MWS Source Switch, ON/OFF (no function)
CMDS(32),3004,PTR-LPAN-CMDS-TMB-JTSN-371,TUMB,371,-1,0,1,Jettison Switch, JETT/OFF
CMDS(32),3004,PTR-LPAN-CMDS-TMB-JTSN-371,TUMB,371,1,0,1,Jettison Switch, JETT/OFF
CMDS(32),3005,PTR-LPAN-CMDS-BTN-OSB1-365,TUMB,365,-1,0,1,O1 Expendable Category Switch, ON/OFF
CMDS(32),3005,PTR-LPAN-CMDS-BTN-OSB1-365,TUMB,365,1,0,1,O1 Expendable Category Switch, ON/OFF
CMDS(32),3006,PTR-LPAN-CMDS-BTN-OSB2-366,TUMB,366,-1,0,1,O2 Expendable Category Switch, ON/OFF
CMDS(32),3006,PTR-LPAN-CMDS-BTN-OSB2-366,TUMB,366,1,0,1,O2 Expendable Category Switch, ON/OFF
CMDS(32),3007,PTR-LPAN-CMDS-BTN-OSB3-367,TUMB,367,-1,0,1,CH Expendable Category Switch, ON/OFF
CMDS(32),3007,PTR-LPAN-CMDS-BTN-OSB3-367,TUMB,367,1,0,1,CH Expendable Category Switch, ON/OFF
CMDS(32),3008,PTR-LPAN-CMDS-BTN-OSB4-368,TUMB,368,-1,0,1,FL Expendable Category Switch, ON/OFF
CMDS(32),3008,PTR-LPAN-CMDS-BTN-OSB4-368,TUMB,368,1,0,1,FL Expendable Category Switch, ON/OFF
CMDS(32),3009,PTR-LPAN-CMDS-LVR-PRGM-377,TUMB,377,-0.1,0,0.4,PROGRAM Knob, BIT/1/2/3/4
CMDS(32),3009,PTR-LPAN-CMDS-LVR-PRGM-377,TUMB,377,0.1,0,0.4,PROGRAM Knob, BIT/1/2/3/4
CMDS(32),3010,PTR-LPAN-CMDS-LVR-MODE-378,TUMB,378,-0.1,0,0.5,MODE Knob, OFF/STBY/MAN/SEMI/AUTO/BYP
CMDS(32),3010,PTR-LPAN-CMDS-LVR-MODE-378,TUMB,378,0.1,0,0.5,MODE Knob, OFF/STBY/MAN/SEMI/AUTO/BYP
CMDS(32),3011,PTR-LSIDE-BTN-CHAFF-604,BTN,604,1,0,1,CHAFF/FLARE Dispense Button - Push to dispense
CONTROL_INTERFACE(2),3001,PTR-FLTCP-TMB-DIGITAL-566,TUMB,566,-1,0,1,DIGITAL BACKUP Switch, OFF/BACKUP
CONTROL_INTERFACE(2),3001,PTR-FLTCP-TMB-DIGITAL-566,TUMB,566,1,0,1,DIGITAL BACKUP Switch, OFF/BACKUP
CONTROL_INTERFACE(2),3002,PTR-FLTCP-TMB-AFLP-567,TUMB,567,-1,0,1,ALT FLAPS Switch, NORM/EXTEND
CONTROL_INTERFACE(2),3002,PTR-FLTCP-TMB-AFLP-567,TUMB,567,1,0,1,ALT FLAPS Switch, NORM/EXTEND
CONTROL_INTERFACE(2),3003,PTR-FLTCP-TMB-BIT-574,BTN,574,1,0,1,BIT Switch, OFF/BIT
CONTROL_INTERFACE(2),3003,PTR-FLTCP-TMB-BIT-574,BTN,574,1,0,1,BIT Switch, OFF/BIT
CONTROL_INTERFACE(2),3004,PTR-FLTCP-TMB-FLCS-573,BTN,573,1,0,1,FLCS RESET Switch, OFF/RESET
CONTROL_INTERFACE(2),3004,PTR-FLTCP-TMB-FLCS-573,BTN,573,1,0,1,FLCS RESET Switch, OFF/RESET
CONTROL_INTERFACE(2),3005,PTR-FLTCP-TMB-LEFLP-572,TUMB,572,-1,0,1,LE FLAPS Switch, AUTO/LOCK
CONTROL_INTERFACE(2),3005,PTR-FLTCP-TMB-LEFLP-572,TUMB,572,1,0,1,LE FLAPS Switch, AUTO/LOCK
CONTROL_INTERFACE(2),3006,PTR-MANTRIM-TMB-MODE-564,TUMB,564,-1,0,1,TRIM/AP DISC Switch, DISC/NORM
CONTROL_INTERFACE(2),3006,PTR-MANTRIM-TMB-MODE-564,TUMB,564,1,0,1,TRIM/AP DISC Switch, DISC/NORM
CONTROL_INTERFACE(2),3007,PTR-MANTRIM-LVR-ROLL-560,LEV,560,0,-1,1,ROLL TRIM Wheel
CONTROL_INTERFACE(2),3008,PTR-MANTRIM-LVR-PITCH-562,LEV,562,0,-1,1,PITCH TRIM Wheel
CONTROL_INTERFACE(2),3009,PTR-MANTRIM-LVR-YAW-565,LEV,565,0,-1,1,YAW TRIM Knob
CONTROL_INTERFACE(2),3010,PTR-MPCP-TMB-MP-425,BTN,425,1,0,1,MANUAL PITCH Override Switch, OVRD/NORM
CONTROL_INTERFACE(2),3010,PTR-MPCP-TMB-MP-425,BTN,425,1,0,1,MANUAL PITCH Override Switch, OVRD/NORM
CONTROL_INTERFACE(2),3011,PTR-LGCP-TMB-STCONF-358,TUMB,358,-1,0,1,STORES CONFIG Switch, CAT III/CAT I
CONTROL_INTERFACE(2),3011,PTR-LGCP-TMB-STCONF-358,TUMB,358,1,0,1,STORES CONFIG Switch, CAT III/CAT I
CONTROL_INTERFACE(2),3012,PTR-CLCP-TMB-PITCH-109,BTN,109,-1,-1,0,Autopilot PITCH Switch, ATT HOLD/ A/P OFF/ ALT HOLD
CONTROL_INTERFACE(2),3013,PTR-CLCP-TMB-PITCH-109,BTN,109,1,0,1,Autopilot PITCH Switch, ATT HOLD/ A/P OFF/ ALT HOLD
CONTROL_INTERFACE(2),3014,PTR-CLCP-TMB-ROLL-108,TUMB,108,-1,-1,1,Autopilot ROLL Switch, STRG SEL/ATT HOLD/HDG SEL
CONTROL_INTERFACE(2),3014,PTR-CLCP-TMB-ROLL-108,TUMB,108,1,-1,1,Autopilot ROLL Switch, STRG SEL/ATT HOLD/HDG SEL
CONTROL_INTERFACE(2),3015,PTR-CLCP-BTN-ADV-97,TUMB,97,-1,0,1,ADV MODE Switch
CONTROL_INTERFACE(2),3015,PTR-CLCP-BTN-ADV-97,TUMB,97,1,0,1,ADV MODE Switch
CONTROL_INTERFACE(2),3016,PTR-FLTCP-TMB-MAN-568,TUMB,568,-1,0,1,MANUAL TF FLYUP Switch, ENABLE/DISABLE
CONTROL_INTERFACE(2),3016,PTR-FLTCP-TMB-MAN-568,TUMB,568,1,0,1,MANUAL TF FLYUP Switch, ENABLE/DISABLE
CPTLIGHTS_SYSTEM(12),3001,PTR-CPBC-BTN-MCAUT-116,BTN,116,1,0,1,Master Caution Button - Push to reset
CPTLIGHTS_SYSTEM(12),3002,PTR-TESTCP-BTN-MAL-577,BTN,577,1,0,1,MAL & IND LTS Test Button - Push to test
CPTLIGHTS_SYSTEM(12),3003,PTR-RLGT-LVR-PRICNS-685,LEV,685,0,0,1,PRIMARY CONSOLES BRT Knob
CPTLIGHTS_SYSTEM(12),3004,PTR-RLGT-LVR-PRIPNL-686,LEV,686,0,0,1,PRIMARY INST PNL BRT Knob
CPTLIGHTS_SYSTEM(12),3005,PTR-RLGT-LVR-PRIDATA-687,LEV,687,0,0,1,PRIMARY DATA ENTRY DISPLAY BRT Knob
CPTLIGHTS_SYSTEM(12),3006,PTR-RLGT-LVR-FLDCNS-688,LEV,688,0,0,1,FLOOD CONSOLES BRT Knob
CPTLIGHTS_SYSTEM(12),3007,PTR-RLGT-LVR-FLDPNL-690,LEV,690,0,0,1,FLOOD INST PNL BRT Knob
CPTLIGHTS_SYSTEM(12),3008,PTR-RLGT-TMB-MALIND-691,BTN,691,1,0,1,MAL & IND LTS Switch, BRT/Center/DIM
CPTLIGHTS_SYSTEM(12),3009,PTR-RLGT-TMB-MALIND-691,BTN,691,-1,-1,0,MAL & IND LTS Switch, BRT/Center/DIM
CPTLIGHTS_SYSTEM(12),3010,PTR-AOA-LVL-794,LEV,794,0,0,1,AOA Indexer Dimming Lever
CPTLIGHTS_SYSTEM(12),3011,PTR-AR-LVL-795,LEV,795,0,0,1,AR Status Indicator Dimming Lever
CPT_MECH(10),3002,PTR-LARMS-TMB-OPN-606,TUMB,606,1,0,1,Canopy Switch, OPEN/HOLD/CLOSE(momentarily)
CPT_MECH(10),3003,PTR-LARMS-TMB-OPN-606,BTN,606,-1,-1,0,Canopy Switch, OPEN/HOLD/CLOSE(momentarily)
CPT_MECH(10),3004,PTR-LARMS-CNPOPN-600,TUMB,600,-1,0,1,Canopy Handle, UP/DOWN
CPT_MECH(10),3004,PTR-LARMS-CNPOPN-600,TUMB,600,1,0,1,Canopy Handle, UP/DOWN
CPT_MECH(10),3005,PTR-LARMS-CNPJETT-601,TUMB,601,-1,0,1,CANOPY JETTISON T-Handle, PULL/STOW
CPT_MECH(10),3005,PTR-LARMS-CNPJETT-601,TUMB,601,1,0,1,CANOPY JETTISON T-Handle, PULL/STOW
CPT_MECH(10),3009,PTR-SEAT-ARM-LOCK-785,TUMB,785,-1,0,1,Ejection Safety Lever, ARMED/LOCKED
CPT_MECH(10),3009,PTR-SEAT-ARM-LOCK-785,TUMB,785,1,0,1,Ejection Safety Lever, ARMED/LOCKED
CPT_MECH(10),3013,PTR-SEAT-TMB-ADJ-786,BTN,786,1,0,1,SEAT ADJ Switch, UP/OFF/DOWN
CPT_MECH(10),3014,PTR-SEAT-TMB-ADJ-786,BTN,786,-1,-1,0,SEAT ADJ Switch, UP/OFF/DOWN
CPT_MECH(10),3015,PTR-STICK-HIDE-796,TUMB,796,-1,0,1,Hide Stick toggle
CPT_MECH(10),3015,PTR-STICK-HIDE-796,TUMB,796,1,0,1,Hide Stick toggle
ECM_INTERFACE(66),3001,PTR-ECM-TMB-OPR-455,TUMB,455,-1,-1,1,ECM Power Switch
ECM_INTERFACE(66),3001,PTR-ECM-TMB-OPR-455,TUMB,455,1,-1,1,ECM Power Switch
ECM_INTERFACE(66),3002,PTR-ECM-TMB-XMIT-457,TUMB,457,-1,-1,1,ECM XMIT Switch
ECM_INTERFACE(66),3002,PTR-ECM-TMB-XMIT-457,TUMB,457,1,-1,1,ECM XMIT Switch
ECM_INTERFACE(66),3003,PTR-ECM-LVR-DIM-456,LEV,456,0,0,1,ECM DIM Knob
ECM_INTERFACE(66),3004,PTR-ECM-BTN-RESET-458,BTN,458,1,0,1,ECM RESET Button
ECM_INTERFACE(66),3005,PTR-ECM-BTN-BIT-459,BTN,459,1,0,1,ECM BIT Button
ECM_INTERFACE(66),3006,PTR-ECM-BTN-1-460,TUMB,460,-1,0,1,ECM 1 Button
ECM_INTERFACE(66),3006,PTR-ECM-BTN-1-460,TUMB,460,1,0,1,ECM 1 Button
ECM_INTERFACE(66),3007,PTR-ECM-BTN-2-465,TUMB,465,-1,0,1,ECM 2 Button
ECM_INTERFACE(66),3007,PTR-ECM-BTN-2-465,TUMB,465,1,0,1,ECM 2 Button
ECM_INTERFACE(66),3008,PTR-ECM-BTN-3-470,TUMB,470,-1,0,1,ECM 3 Button
ECM_INTERFACE(66),3008,PTR-ECM-BTN-3-470,TUMB,470,1,0,1,ECM 3 Button
ECM_INTERFACE(66),3009,PTR-ECM-BTN-4-475,TUMB,475,-1,0,1,ECM 4 Button
ECM_INTERFACE(66),3009,PTR-ECM-BTN-4-475,TUMB,475,1,0,1,ECM 4 Button
ECM_INTERFACE(66),3010,PTR-ECM-BTN-5-480,TUMB,480,-1,0,1,ECM 5 Button
ECM_INTERFACE(66),3010,PTR-ECM-BTN-5-480,TUMB,480,1,0,1,ECM 5 Button
ECM_INTERFACE(66),3011,PTR-ECM-BTN-6-485,TUMB,485,-1,0,1,ECM 6 Button
ECM_INTERFACE(66),3011,PTR-ECM-BTN-6-485,TUMB,485,1,0,1,ECM 6 Button
ECM_INTERFACE(66),3012,PTR-ECM-BTN-FRM-490,TUMB,490,-1,0,1,ECM FRM Button
ECM_INTERFACE(66),3012,PTR-ECM-BTN-FRM-490,TUMB,490,1,0,1,ECM FRM Button
ECM_INTERFACE(66),3013,PTR-ECM-BTN-SPL-495,TUMB,495,-1,0,1,ECM SPL Button
ECM_INTERFACE(66),3013,PTR-ECM-BTN-SPL-495,TUMB,495,1,0,1,ECM SPL Button
ECS_INTERFACE(13),3001,PTR-AIRCOND-TMB-SRC-693,TUMB,693,-0.1,0,0.3,AIR SOURCE Knob, OFF/NORM/DUMP/RAM
ECS_INTERFACE(13),3001,PTR-AIRCOND-TMB-SRC-693,TUMB,693,0.1,0,0.3,AIR SOURCE Knob, OFF/NORM/DUMP/RAM
ECS_INTERFACE(13),3002,PTR-AIRCOND-TMB-TEMP-692,LEV,692,0,-0.3,0.3,TEMP Knob
ECS_INTERFACE(13),3003,PTR-LARMS-DEFOG-602,TUMB,602,-0.05,0,1,DEFOG Lever
ECS_INTERFACE(13),3003,PTR-LARMS-DEFOG-602,TUMB,602,0.05,0,1,DEFOG Lever
EHSI(28),3001,PTR-EHSI-BTN-M-46,BTN,46,1,0,1,Mode (M) Button
EHSI(28),3002,PTR-EHSI-LVR-HDG-45,LEV,45,1,0,1,HDG Set Knob
EHSI(28),3003,PTR-EHSI-LVR-HDG-45,BTN,42,1,0,1,HDG Set Knob
EHSI(28),3004,PTR-EHSI-LVR-CRS-44,LEV,44,1,0,1,CRS Set / Brightness Control Knob
EHSI(28),3005,PTR-EHSI-LVR-CRS-44,BTN,43,1,0,1,CRS Set / Brightness Control Knob
ELEC_INTERFACE(3),3001,PTR-ELEC-TMB-MPWR-510,TUMB,510,-1,-1,1,MAIN PWR Switch, MAIN PWR/BATT/OFF
ELEC_INTERFACE(3),3001,PTR-ELEC-TMB-MPWR-510,TUMB,510,1,-1,1,MAIN PWR Switch, MAIN PWR/BATT/OFF
ELEC_INTERFACE(3),3002,PTR-ELEC-BTN-CRES-511,BTN,511,1,0,1,ELEC CAUTION RESET Button - Push to reset
ELEC_INTERFACE(3),3003,PTR-TESTCP-TMB-TEST-585,TUMB,585,-1,-1,0,FLCS PWR TEST Switch, MAINT/NORM/TEST(momentarily)
ELEC_INTERFACE(3),3004,PTR-TESTCP-TMB-TEST-585,BTN,585,1,0,1,FLCS PWR TEST Switch, MAINT/NORM/TEST(momentarily)
ELEC_INTERFACE(3),3005,PTR-TESTCP-TMB-EPU-579,BTN,579,1,0,1,EPU/GEN Test Switch, EPU/GEN /OFF
ELEC_INTERFACE(3),3005,PTR-TESTCP-TMB-EPU-579,BTN,579,1,0,1,EPU/GEN Test Switch, EPU/GEN /OFF
ELEC_INTERFACE(3),3006,PTR-TESTCP-TMB-PROBE-578,TUMB,578,1,0,1,PROBE HEAT Switch, PROBE HEAT/OFF/TEST(momentarily)
ELEC_INTERFACE(3),3007,PTR-TESTCP-TMB-PROBE-578,BTN,578,-1,-1,0,PROBE HEAT Switch, PROBE HEAT/OFF/TEST(momentarily)
ENGINE_INTERFACE(6),3001,PTR-EPU-CVR-EPUTMB-527,TUMB,527,-1,0,1,EPU Switch Cover for ON, OPEN/CLOSE
ENGINE_INTERFACE(6),3001,PTR-EPU-CVR-EPUTMB-527,TUMB,527,1,0,1,EPU Switch Cover for ON, OPEN/CLOSE
ENGINE_INTERFACE(6),3002,PTR-EPU-CVR-EPUTMB-529,TUMB,529,-1,0,1,EPU Switch Cover for OFF, OPEN/CLOSE
ENGINE_INTERFACE(6),3002,PTR-EPU-CVR-EPUTMB-529,TUMB,529,1,0,1,EPU Switch Cover for OFF, OPEN/CLOSE
ENGINE_INTERFACE(6),3003,PTR-EPU-TMB-EPUTMB-528,TUMB,528,-1,-1,1,EPU Switch, ON/NORM/OFF
ENGINE_INTERFACE(6),3003,PTR-EPU-TMB-EPUTMB-528,TUMB,528,1,-1,1,EPU Switch, ON/NORM/OFF
ENGINE_INTERFACE(6),3004,PTR-ANTICE-TMB-ENG-710,TUMB,710,-1,-1,1,Engine ANTI ICE Switch, ON/AUTO/OFF
ENGINE_INTERFACE(6),3004,PTR-ANTICE-TMB-ENG-710,TUMB,710,1,-1,1,Engine ANTI ICE Switch, ON/AUTO/OFF
ENGINE_INTERFACE(6),3005,PTR-ENGSTART-TMB-JETFUEL-447,BTN,447,1,0,1,JFS Switch, START 1/OFF/START 2
ENGINE_INTERFACE(6),3006,PTR-ENGSTART-TMB-JETFUEL-447,BTN,447,-1,-1,0,JFS Switch, START 1/OFF/START 2
ENGINE_INTERFACE(6),3007,PTR-ENGSTART-CVR-ENGCNT-448,TUMB,448,-1,0,1,ENG CONT Switch Cover, OPEN/CLOSE
ENGINE_INTERFACE(6),3007,PTR-ENGSTART-CVR-ENGCNT-448,TUMB,448,1,0,1,ENG CONT Switch Cover, OPEN/CLOSE
ENGINE_INTERFACE(6),3008,PTR-ENGSTART-TMB-ENGCNT-449,TUMB,449,-1,0,1,ENG CONT Switch, PRI/SEC
ENGINE_INTERFACE(6),3008,PTR-ENGSTART-TMB-ENGCNT-449,TUMB,449,1,0,1,ENG CONT Switch, PRI/SEC
ENGINE_INTERFACE(6),3009,PTR-ENGSTART-TMB-MAXPWR-451,TUMB,451,-1,0,1,MAX POWER Switch (is inoperative), MAX POWER/OFF
ENGINE_INTERFACE(6),3009,PTR-ENGSTART-TMB-MAXPWR-451,TUMB,451,1,0,1,MAX POWER Switch (is inoperative), MAX POWER/OFF
ENGINE_INTERFACE(6),3010,PTR-ENGSTART-TMB-ABENG-450,BTN,450,1,0,1,AB RESET Switch, AB RESET/NORM/ENG DATA
ENGINE_INTERFACE(6),3011,PTR-ENGSTART-TMB-ABENG-450,BTN,450,-1,-1,0,AB RESET Switch, AB RESET/NORM/ENG DATA
ENGINE_INTERFACE(6),3012,PTR-TESTCP-BTN-FIRE-575,BTN,575,1,0,1,FIRE & OHEAT DETECT Test Button - Push to test
EXTLIGHTS_SYSTEM(11),3001,PTR-EXTLGT-TMB-ANTCOL-531,TUMB,531,-0.1,0,0.7,ANTI-COLL Knob, OFF/1/2/3/4/A/B/C
EXTLIGHTS_SYSTEM(11),3001,PTR-EXTLGT-TMB-ANTCOL-531,TUMB,531,0.1,0,0.7,ANTI-COLL Knob, OFF/1/2/3/4/A/B/C
EXTLIGHTS_SYSTEM(11),3002,PTR-EXTLGT-TMB-FLSH-532,TUMB,532,-1,0,1,FLASH STEADY Switch, FLASH/STEADY
EXTLIGHTS_SYSTEM(11),3002,PTR-EXTLGT-TMB-FLSH-532,TUMB,532,1,0,1,FLASH STEADY Switch, FLASH/STEADY
EXTLIGHTS_SYSTEM(11),3003,PTR-EXTLGT-TMB-WNGTAIL-533,TUMB,533,-1,-1,1,WING/TAIL Switch, BRT/OFF/DIM
EXTLIGHTS_SYSTEM(11),3003,PTR-EXTLGT-TMB-WNGTAIL-533,TUMB,533,1,-1,1,WING/TAIL Switch, BRT/OFF/DIM
EXTLIGHTS_SYSTEM(11),3004,PTR-EXTLGT-TMB-FUS-534,TUMB,534,-1,-1,1,FUSELAGE Switch, BRT/OFF/DIM
EXTLIGHTS_SYSTEM(11),3004,PTR-EXTLGT-TMB-FUS-534,TUMB,534,1,-1,1,FUSELAGE Switch, BRT/OFF/DIM
EXTLIGHTS_SYSTEM(11),3005,PTR-EXTLGT-LVR-FORM-535,LEV,535,0,0,1,FORM Knob
EXTLIGHTS_SYSTEM(11),3006,PTR-EXTLGT-TMB-MASTER-536,TUMB,536,-0.1,0,0.4,MASTER Switch, OFF/ALL/A-C/FORM/NORM
EXTLIGHTS_SYSTEM(11),3006,PTR-EXTLGT-TMB-MASTER-536,TUMB,536,0.1,0,0.4,MASTER Switch, OFF/ALL/A-C/FORM/NORM
EXTLIGHTS_SYSTEM(11),3007,PTR-EXTLGT-LVR-AREF-537,LEV,537,0,0,1,AERIAL REFUELING Knob
EXTLIGHTS_SYSTEM(11),3008,PTR-LGCP-TMB-LIGHTS-360,TUMB,360,-1,-1,1,LANDING TAXI LIGHTS Switch, LANDING/OFF/TAXI
EXTLIGHTS_SYSTEM(11),3008,PTR-LGCP-TMB-LIGHTS-360,TUMB,360,1,-1,1,LANDING TAXI LIGHTS Switch, LANDING/OFF/TAXI
FCR(31),3001,PTR-SNSR-TMB-FCR-672,TUMB,672,-1,0,1,FCR Switch, FCR/OFF
FCR(31),3001,PTR-SNSR-TMB-FCR-672,TUMB,672,1,0,1,FCR Switch, FCR/OFF
FUEL_INTERFACE(4),3001,PTR-FUELCP-TMB-MASTER-559,TUMB,559,-1,0,1,FUEL MASTER Switch, MASTER/OFF
FUEL_INTERFACE(4),3001,PTR-FUELCP-TMB-MASTER-559,TUMB,559,1,0,1,FUEL MASTER Switch, MASTER/OFF
FUEL_INTERFACE(4),3002,PTR-FUELCP-CVR-MASTER-558,TUMB,558,-1,0,1,FUEL MASTER Switch Cover, OPEN/CLOSE
FUEL_INTERFACE(4),3002,PTR-FUELCP-CVR-MASTER-558,TUMB,558,1,0,1,FUEL MASTER Switch Cover, OPEN/CLOSE
FUEL_INTERFACE(4),3003,PTR-CDCP-TMB-FTRANS-159,TUMB,159,-1,0,1,External Fuel Transfer Switch, NORM/ WING FIRST
FUEL_INTERFACE(4),3003,PTR-CDCP-TMB-FTRANS-159,TUMB,159,1,0,1,External Fuel Transfer Switch, NORM/ WING FIRST
FUEL_INTERFACE(4),3004,PTR-FUELCP-TMB-ENGFEED-556,TUMB,556,-0.1,0,0.3,ENGINE FEED Knob, OFF/NORM/AFT/FWD
FUEL_INTERFACE(4),3004,PTR-FUELCP-TMB-ENGFEED-556,TUMB,556,0.1,0,0.3,ENGINE FEED Knob, OFF/NORM/AFT/FWD
FUEL_INTERFACE(4),3005,PTR-CDCP-TMB-FMODE-158,TUMB,158,0.1,0.1,0.5,FUEL QTY SEL Knob, TEST(momentarily)/NORM/RSVR/INT WING/EXT WING/EXT CTR
FUEL_INTERFACE(4),3006,PTR-CDCP-TMB-FMODE-158,BTN,158,-0.1,0,0.5,FUEL QTY SEL Knob, TEST(momentarily)/NORM/RSVR/INT WING/EXT WING/EXT CTR
FUEL_INTERFACE(4),3007,PTR-FUELCP-TMB-TANK-557,TUMB,557,-1,0,1,TANK INERTING Switch, TANK INERTING /OFF
FUEL_INTERFACE(4),3007,PTR-FUELCP-TMB-TANK-557,TUMB,557,1,0,1,TANK INERTING Switch, TANK INERTING /OFF
FUEL_INTERFACE(4),3008,PTR-FUELCP-TMB-REFUEL-555,TUMB,555,-1,0,1,AIR REFUEL Switch, OPEN/CLOSE
FUEL_INTERFACE(4),3008,PTR-FUELCP-TMB-REFUEL-555,TUMB,555,1,0,1,AIR REFUEL Switch, OPEN/CLOSE
GEAR_INTERFACE(7),3001,PTR-LGCP-ARM-LG-362,TUMB,362,-1,0,1,LG Handle, UP/DN
GEAR_INTERFACE(7),3001,PTR-LGCP-ARM-LG-362,TUMB,362,1,0,1,LG Handle, UP/DN
GEAR_INTERFACE(7),3002,PTR-LGCP-BTN-DNLOCK-361,BTN,361,1,0,1,DN LOCK REL Button - Push to reset
GEAR_INTERFACE(7),3003,PTR-LGCP-TMB-PRKNG-357,BTN,357,1,0,1,ANTI-SKID Switch, PARKING BRAKE/ANTI-SKID/OFF
GEAR_INTERFACE(7),3004,PTR-LGCP-TMB-PRKNG-357,TUMB,357,-1,-1,0,ANTI-SKID Switch, PARKING BRAKE/ANTI-SKID/OFF
GEAR_INTERFACE(7),3005,PTR-LGCP-TMB-BRK-356,TUMB,356,-1,0,1,BRAKES Channel Switch, CHAN 1/CHAN 2
GEAR_INTERFACE(7),3005,PTR-LGCP-TMB-BRK-356,TUMB,356,1,0,1,BRAKES Channel Switch, CHAN 1/CHAN 2
GEAR_INTERFACE(7),3006,PTR-LGCP-TMB-HOOK-354,TUMB,354,-1,0,1,HOOK Switch, UP/DN
GEAR_INTERFACE(7),3006,PTR-LGCP-TMB-HOOK-354,TUMB,354,1,0,1,HOOK Switch, UP/DN
GEAR_INTERFACE(7),3007,PTR-LGCP-BTN-HORN-359,BTN,359,1,0,1,HORN SILENCER Button - Push to reset
GPS(59),3001,PTR-AVIPWR-TMB-GPS-720,TUMB,720,-1,0,1,GPS Switch, GPS/OFF
GPS(59),3001,PTR-AVIPWR-TMB-GPS-720,TUMB,720,1,0,1,GPS Switch, GPS/OFF
HMCS(30),3001,PTR-HMDP-LVR-SMBINT-392,LEV,392,0,0,1,HMCS SYMBOLOGY INT Knob
IDM(60),3001,PTR-AVIPWR-TMB-DL-721,TUMB,721,-1,0,1,DL Switch, DL/OFF
IDM(60),3001,PTR-AVIPWR-TMB-DL-721,TUMB,721,1,0,1,DL Switch, DL/OFF
IFF_CONTROL_PANEL(35),3001,PTR-AUXCOM-TMB-CNI-542,TUMB,542,-1,0,1,C & I Knob, UFC/BACKUP
IFF_CONTROL_PANEL(35),3001,PTR-AUXCOM-TMB-CNI-542,TUMB,542,1,0,1,C & I Knob, UFC/BACKUP
IFF_CONTROL_PANEL(35),3002,PTR-AUXCOM-LVR-MODE-540,TUMB,540,-0.1,0,0.4,IFF MASTER Knob, OFF/STBY/LOW/NORM/EMER
IFF_CONTROL_PANEL(35),3002,PTR-AUXCOM-LVR-MODE-540,TUMB,540,0.1,0,0.4,IFF MASTER Knob, OFF/STBY/LOW/NORM/EMER
IFF_CONTROL_PANEL(35),3003,PTR-AUXCOM-TMB-M4-541,TUMB,541,-1,-1,1,IFF M-4 CODE Switch, HOLD/ A/B /ZERO
IFF_CONTROL_PANEL(35),3003,PTR-AUXCOM-TMB-M4-541,TUMB,541,1,-1,1,IFF M-4 CODE Switch, HOLD/ A/B /ZERO
IFF_CONTROL_PANEL(35),3004,PTR-AUXCOM-TMB-REPLY-543,TUMB,543,-1,-1,1,IFF MODE 4 REPLY Switch, OUT/A/B
IFF_CONTROL_PANEL(35),3004,PTR-AUXCOM-TMB-REPLY-543,TUMB,543,1,-1,1,IFF MODE 4 REPLY Switch, OUT/A/B
IFF_CONTROL_PANEL(35),3005,PTR-AUXCOM-TMB-MONITOR-544,TUMB,544,-1,0,1,IFF MODE 4 MONITOR Switch, OUT/AUDIO
IFF_CONTROL_PANEL(35),3005,PTR-AUXCOM-TMB-MONITOR-544,TUMB,544,1,0,1,IFF MODE 4 MONITOR Switch, OUT/AUDIO
IFF_CONTROL_PANEL(35),3006,PTR-AUXCOM-TMB-TACAN-553,TUMB,553,-1,-1,1,IFF ENABLE Switch, M1/M3 /OFF/ M3/MS
IFF_CONTROL_PANEL(35),3006,PTR-AUXCOM-TMB-TACAN-553,TUMB,553,1,-1,1,IFF ENABLE Switch, M1/M3 /OFF/ M3/MS
IFF_CONTROL_PANEL(35),3007,PTR-AUXCOM-TMB-CHNL1-545,BTN,545,1,0,1,IFF MODE 1 Selector Lever, DIGIT 1
IFF_CONTROL_PANEL(35),3008,PTR-AUXCOM-TMB-CHNL1-545,BTN,545,-1,-1,0,IFF MODE 1 Selector Lever, DIGIT 1
IFF_CONTROL_PANEL(35),3009,PTR-AUXCOM-TMB-CHNL2-547,BTN,547,1,0,1,IFF MODE 1 Selector Lever, DIGIT 2
IFF_CONTROL_PANEL(35),3010,PTR-AUXCOM-TMB-CHNL2-547,BTN,547,-1,-1,0,IFF MODE 1 Selector Lever, DIGIT 2
IFF_CONTROL_PANEL(35),3011,PTR-AUXCOM-TMB-CHNL3-549,BTN,549,1,0,1,IFF MODE 3 Selector Lever, DIGIT 1
IFF_CONTROL_PANEL(35),3012,PTR-AUXCOM-TMB-CHNL3-549,BTN,549,-1,-1,0,IFF MODE 3 Selector Lever, DIGIT 1
IFF_CONTROL_PANEL(35),3013,PTR-AUXCOM-TMB-CHNL4-551,BTN,551,1,0,1,IFF MODE 3 Selector Lever, DIGIT 2
IFF_CONTROL_PANEL(35),3014,PTR-AUXCOM-TMB-CHNL4-551,BTN,551,-1,-1,0,IFF MODE 3 Selector Lever, DIGIT 2
INS(14),3001,PTR-AVIPWR-LVR-INS-719,TUMB,719,-0.1,0,0.6,INS Knob, OFF/STOR HDG/NORM/NAV/CAL/INFLT ALIGN/ATT
INS(14),3001,PTR-AVIPWR-LVR-INS-719,TUMB,719,0.1,0,0.6,INS Knob, OFF/STOR HDG/NORM/NAV/CAL/INFLT ALIGN/ATT
INTERCOM(39),3001,PTR-AUDIO1-LVR-COMM1-430,LEV,430,0,0,1,COMM 1 Power Knob
INTERCOM(39),3002,PTR-AUDIO1-TMB-COMM1-434,TUMB,434,-0.5,0,1,COMM 1 (UHF) Mode Knob
INTERCOM(39),3002,PTR-AUDIO1-TMB-COMM1-434,TUMB,434,0.5,0,1,COMM 1 (UHF) Mode Knob
INTERCOM(39),3003,PTR-AUDIO1-LVR-COMM2-431,LEV,431,0,0,1,COMM 2 Power Knob
INTERCOM(39),3004,PTR-AUDIO1-TMB-COMM2-435,TUMB,435,-0.5,0,1,COMM 2 (VHF) Mode Knob
INTERCOM(39),3004,PTR-AUDIO1-TMB-COMM2-435,TUMB,435,0.5,0,1,COMM 2 (VHF) Mode Knob
INTERCOM(39),3005,PTR-AUDIO1-LVR-SV-432,LEV,432,0,0,1,SECURE VOICE Knob
INTERCOM(39),3006,PTR-AUDIO1-LVR-MSL-433,LEV,433,0,0,1,MSL Tone Knob
INTERCOM(39),3007,PTR-AUDIO1-LVR-TF-436,LEV,436,0,0,1,TF Tone Knob
INTERCOM(39),3008,PTR-AUDIO1-LVR-THREAT-437,LEV,437,0,0,1,THREAT Tone Knob
INTERCOM(39),3009,PTR-AUDIO2-LVR-ILS-442,LEV,442,0,0,1,ILS Power Knob
INTERCOM(39),3010,PTR-AUDIO2-LVR-TACAN-441,LEV,441,0,0,1,TACAN Knob
INTERCOM(39),3011,PTR-AUDIO2-LVR-INTERCOM-440,LEV,440,0,0,1,INTERCOM Knob
INTERCOM(39),3012,PTR-AUDIO2-TMB-MODE-443,TUMB,443,-1,-1,1,HOT MIC CIPHER Switch, HOT MIC / OFF / CIPHER
INTERCOM(39),3012,PTR-AUDIO2-TMB-MODE-443,TUMB,443,1,-1,1,HOT MIC CIPHER Switch, HOT MIC / OFF / CIPHER
INTERCOM(39),3013,PTR-ANTICE-TMB-IFF-711,TUMB,711,-1,-1,1,IFF ANT SEL Switch, LOWER/NORM/UPPER
INTERCOM(39),3013,PTR-ANTICE-TMB-IFF-711,TUMB,711,1,-1,1,IFF ANT SEL Switch, LOWER/NORM/UPPER
INTERCOM(39),3014,PTR-ANTICE-TMB-UHF-712,TUMB,712,-1,-1,1,UHF ANT SEL Switch, LOWER/NORM/UPPER
INTERCOM(39),3014,PTR-ANTICE-TMB-UHF-712,TUMB,712,1,-1,1,UHF ANT SEL Switch, LOWER/NORM/UPPER
INTERCOM(39),3015,PTR-ZROIZE-TMB-VOICE-696,TUMB,696,-1,0,1,Voice Message Inhibit Switch, VOICE MESSAGE/INHIBIT
INTERCOM(39),3015,PTR-ZROIZE-TMB-VOICE-696,TUMB,696,1,0,1,Voice Message Inhibit Switch, VOICE MESSAGE/INHIBIT
INTERCOM(39),3016,PTR-NUCLR-TMB-PLAIN-701,TUMB,701,-1,-1,1,PLAIN Cipher Switch, CRAD 1/PLAIN/CRAD 2
INTERCOM(39),3016,PTR-NUCLR-TMB-PLAIN-701,TUMB,701,1,-1,1,PLAIN Cipher Switch, CRAD 1/PLAIN/CRAD 2
INTERCOM(39),3017,PTR-ZROIZE-CVR-ZERO-694,TUMB,694,-1,0,1,ZEROIZE Switch Cover, OPEN/CLOSE
INTERCOM(39),3017,PTR-ZROIZE-CVR-ZERO-694,TUMB,694,1,0,1,ZEROIZE Switch Cover, OPEN/CLOSE
INTERCOM(39),3018,PTR-ZROIZE-TMB-ZERO-695,TUMB,695,-1,-1,1,ZEROIZE Switch, OFP/OFF/DATA
INTERCOM(39),3018,PTR-ZROIZE-TMB-ZERO-695,TUMB,695,1,-1,1,ZEROIZE Switch, OFP/OFF/DATA
KY58(42),3001,PTR-KY58-LVR-MODE1-705,TUMB,705,-0.1,0,0.3,KY-58 MODE Knob, P/C/LD/RV
KY58(42),3001,PTR-KY58-LVR-MODE1-705,TUMB,705,0.1,0,0.3,KY-58 MODE Knob, P/C/LD/RV
KY58(42),3002,PTR-KY58-LVR-MODE2-706,TUMB,706,-0.1,0,0.7,KY-58 FILL Knob, Z 1-5/1/2/3/4/5/6/Z ALL
KY58(42),3002,PTR-KY58-LVR-MODE2-706,TUMB,706,0.1,0,0.7,KY-58 FILL Knob, Z 1-5/1/2/3/4/5/6/Z ALL
KY58(42),3004,PTR-KY58-LVR-MODE3-707,TUMB,707,-0.5,0,1,KY-58 Power Knob, OFF/ON/TD
KY58(42),3004,PTR-KY58-LVR-MODE3-707,TUMB,707,0.5,0,1,KY-58 Power Knob, OFF/ON/TD
KY58(42),3005,PTR-KY58-LVR-VOL-708,LEV,708,0,0,1,KY-58 VOLUME Knob
MAP(61),3001,PTR-AVIPWR-TMB-MAP-722,TUMB,722,-1,0,1,MAP Switch, MAP/OFF
MAP(61),3001,PTR-AVIPWR-TMB-MAP-722,TUMB,722,1,0,1,MAP Switch, MAP/OFF
MFD_LEFT(24),3001,PTR-LMFCD-BTN-OSB1-300,BTN,300,1,0,1,Left MFD OSB 1
MFD_LEFT(24),3002,PTR-LMFCD-BTN-OSB2-301,BTN,301,1,0,1,Left MFD OSB 2
MFD_LEFT(24),3003,PTR-LMFCD-BTN-OSB3-302,BTN,302,1,0,1,Left MFD OSB 3
MFD_LEFT(24),3004,PTR-LMFCD-BTN-OSB4-303,BTN,303,1,0,1,Left MFD OSB 4
MFD_LEFT(24),3005,PTR-LMFCD-BTN-OSB5-304,BTN,304,1,0,1,Left MFD OSB 5
MFD_LEFT(24),3006,PTR-LMFCD-BTN-OSB6-305,BTN,305,1,0,1,Left MFD OSB 6
MFD_LEFT(24),3007,PTR-LMFCD-BTN-OSB7-306,BTN,306,1,0,1,Left MFD OSB 7
MFD_LEFT(24),3008,PTR-LMFCD-BTN-OSB8-307,BTN,307,1,0,1,Left MFD OSB 8
MFD_LEFT(24),3009,PTR-LMFCD-BTN-OSB9-308,BTN,308,1,0,1,Left MFD OSB 9
MFD_LEFT(24),3010,PTR-LMFCD-BTN-OSB10-309,BTN,309,1,0,1,Left MFD OSB 10
MFD_LEFT(24),3011,PTR-LMFCD-BTN-OSB11-310,BTN,310,1,0,1,Left MFD OSB 11
MFD_LEFT(24),3012,PTR-LMFCD-BTN-OSB12-311,BTN,311,1,0,1,Left MFD OSB 12
MFD_LEFT(24),3013,PTR-LMFCD-BTN-OSB13-312,BTN,312,1,0,1,Left MFD OSB 13
MFD_LEFT(24),3014,PTR-LMFCD-BTN-OSB14-313,BTN,313,1,0,1,Left MFD OSB 14
MFD_LEFT(24),3015,PTR-LMFCD-BTN-OSB15-314,BTN,314,1,0,1,Left MFD OSB 15
MFD_LEFT(24),3016,PTR-LMFCD-BTN-OSB16-315,BTN,315,1,0,1,Left MFD OSB 16
MFD_LEFT(24),3017,PTR-LMFCD-BTN-OSB17-316,BTN,316,1,0,1,Left MFD OSB 17
MFD_LEFT(24),3018,PTR-LMFCD-BTN-OSB18-317,BTN,317,1,0,1,Left MFD OSB 18
MFD_LEFT(24),3019,PTR-LMFCD-BTN-OSB19-318,BTN,318,1,0,1,Left MFD OSB 19
MFD_LEFT(24),3020,PTR-LMFCD-BTN-OSB20-319,BTN,319,1,0,1,Left MFD OSB 20
MFD_LEFT(24),3021,PTR-LMFCD-RS-GAIN-UP-320,BTN,320,1,0,1,Left MFD GAIN Rocker Switch, Up/Increase
MFD_LEFT(24),3022,PTR-LMFCD-RS-GAIN-DN-320,BTN,320,-1,-1,0,Left MFD GAIN Rocker Switch, Down/Decrease
MFD_LEFT(24),3023,PTR-LMFCD-RS-SYM-UP-321,BTN,321,1,0,1,Left MFD SYM Rocker Switch, Up/Increase
MFD_LEFT(24),3024,PTR-LMFCD-RS-SYM-DN-321,BTN,321,-1,-1,0,Left MFD SYM Rocker Switch, Down/Decrease
MFD_LEFT(24),3025,PTR-LMFCD-RS-CON-UP-322,BTN,322,1,0,1,Left MFD CON Rocker Switch, Up/Increase
MFD_LEFT(24),3026,PTR-LMFCD-RS-CON-DN-322,BTN,322,-1,-1,0,Left MFD CON Rocker Switch, Down/Decrease
MFD_LEFT(24),3027,PTR-LMFCD-RS-BRT-UP-323,BTN,323,1,0,1,Left MFD BRT Rocker Switch, Up/Increase
MFD_LEFT(24),3028,PTR-LMFCD-RS-BRT-DN-323,BTN,323,-1,-1,0,Left MFD BRT Rocker Switch, Down/Decrease
MFD_RIGHT(25),3001,PTR-RMFCD-BTN-OSB1-326,BTN,326,1,0,1,Right MFD OSB 1
MFD_RIGHT(25),3002,PTR-RMFCD-BTN-OSB2-327,BTN,327,1,0,1,Right MFD OSB 2
MFD_RIGHT(25),3003,PTR-RMFCD-BTN-OSB3-328,BTN,328,1,0,1,Right MFD OSB 3
MFD_RIGHT(25),3004,PTR-RMFCD-BTN-OSB4-329,BTN,329,1,0,1,Right MFD OSB 4
MFD_RIGHT(25),3005,PTR-RMFCD-BTN-OSB5-330,BTN,330,1,0,1,Right MFD OSB 5
MFD_RIGHT(25),3006,PTR-RMFCD-BTN-OSB6-331,BTN,331,1,0,1,Right MFD OSB 6
MFD_RIGHT(25),3007,PTR-RMFCD-BTN-OSB7-332,BTN,332,1,0,1,Right MFD OSB 7
MFD_RIGHT(25),3008,PTR-RMFCD-BTN-OSB8-333,BTN,333,1,0,1,Right MFD OSB 8
MFD_RIGHT(25),3009,PTR-RMFCD-BTN-OSB9-334,BTN,334,1,0,1,Right MFD OSB 9
MFD_RIGHT(25),3010,PTR-RMFCD-BTN-OSB10-335,BTN,335,1,0,1,Right MFD OSB 10
MFD_RIGHT(25),3011,PTR-RMFCD-BTN-OSB11-336,BTN,336,1,0,1,Right MFD OSB 11
MFD_RIGHT(25),3012,PTR-RMFCD-BTN-OSB12-337,BTN,337,1,0,1,Right MFD OSB 12
MFD_RIGHT(25),3013,PTR-RMFCD-BTN-OSB13-338,BTN,338,1,0,1,Right MFD OSB 13
MFD_RIGHT(25),3014,PTR-RMFCD-BTN-OSB14-339,BTN,339,1,0,1,Right MFD OSB 14
MFD_RIGHT(25),3015,PTR-RMFCD-BTN-OSB15-340,BTN,340,1,0,1,Right MFD OSB 15
MFD_RIGHT(25),3016,PTR-RMFCD-BTN-OSB16-341,BTN,341,1,0,1,Right MFD OSB 16
MFD_RIGHT(25),3017,PTR-RMFCD-BTN-OSB17-342,BTN,342,1,0,1,Right MFD OSB 17
MFD_RIGHT(25),3018,PTR-RMFCD-BTN-OSB18-343,BTN,343,1,0,1,Right MFD OSB 18
MFD_RIGHT(25),3019,PTR-RMFCD-BTN-OSB19-344,BTN,344,1,0,1,Right MFD OSB 19
MFD_RIGHT(25),3020,PTR-RMFCD-BTN-OSB20-345,BTN,345,1,0,1,Right MFD OSB 20
MFD_RIGHT(25),3021,PTR-RMFCD-RS-GAIN-UP-346,BTN,346,1,0,1,Left MFD GAIN Rocker Switch, Up/Increase
MFD_RIGHT(25),3022,PTR-RMFCD-RS-GAIN-DN-346,BTN,346,-1,-1,0,Left MFD GAIN Rocker Switch, Down/Decrease
MFD_RIGHT(25),3023,PTR-RMFCD-RS-SYM-UP-347,BTN,347,1,0,1,Left MFD SYM Rocker Switch, Up/Increase
MFD_RIGHT(25),3024,PTR-RMFCD-RS-SYM-DN-347,BTN,347,-1,-1,0,Left MFD SYM Rocker Switch, Down/Decrease
MFD_RIGHT(25),3025,PTR-RMFCD-RS-CON-UP-348,BTN,348,1,0,1,Left MFD CON Rocker Switch, Up/Increase
MFD_RIGHT(25),3026,PTR-RMFCD-RS-CON-DN-348,BTN,348,-1,-1,0,Left MFD CON Rocker Switch, Down/Decrease
MFD_RIGHT(25),3027,PTR-RMFCD-RS-BRT-UP-349,BTN,349,1,0,1,Left MFD BRT Rocker Switch, Up/Increase
MFD_RIGHT(25),3028,PTR-RMFCD-RS-BRT-DN-349,BTN,349,-1,-1,0,Left MFD BRT Rocker Switch, Down/Decrease
MIDS(41),3001,PTR-AVIPWR-LVR-MIDS-723,TUMB,723,-0.1,0,0.2,MIDS LVT Knob, ZERO/OFF/ON
MIDS(41),3001,PTR-AVIPWR-LVR-MIDS-723,TUMB,723,0.1,0,0.2,MIDS LVT Knob, ZERO/OFF/ON
MMC(19),3001,PTR-AVIPWR-TMB-MMC-715,TUMB,715,-1,0,1,MMC Switch, MMC/OFF
MMC(19),3001,PTR-AVIPWR-TMB-MMC-715,TUMB,715,1,0,1,MMC Switch, MMC/OFF
MMC(19),3002,PTR-CLCP-TMB-MASTER-105,TUMB,105,-1,-1,1,MASTER ARM Switch, MASTER ARM/OFF/SIMULATE
MMC(19),3002,PTR-CLCP-TMB-MASTER-105,TUMB,105,1,-1,1,MASTER ARM Switch, MASTER ARM/OFF/SIMULATE
MMC(19),3003,PTR-LGCP-BTN-ESJETT-353,BTN,353,1,0,1,EMER STORES JETTISON Button - Push to jettison
MMC(19),3004,PTR-LGCP-TMB-GNDJETT-355,TUMB,355,-1,0,1,GND JETT ENABLE Switch, ENABLE/OFF
MMC(19),3004,PTR-LGCP-TMB-GNDJETT-355,TUMB,355,1,0,1,GND JETT ENABLE Switch, ENABLE/OFF
MMC(19),3005,PTR-CLCP-TMB-ALT-104,BTN,104,1,0,1,ALT REL Button - Push to release
MMC(19),3006,PTR-RHUD-TMB-WVAH-675,TUMB,675,-1,-1,1,HUD Scales Switch, VV/VAH / VAH / OFF
MMC(19),3006,PTR-RHUD-TMB-WVAH-675,TUMB,675,1,-1,1,HUD Scales Switch, VV/VAH / VAH / OFF
MMC(19),3007,PTR-RHUD-TMB-ATT-676,TUMB,676,-1,-1,1,HUD Flightpath Marker Switch, ATT/FPM / FPM / OFF
MMC(19),3007,PTR-RHUD-TMB-ATT-676,TUMB,676,1,-1,1,HUD Flightpath Marker Switch, ATT/FPM / FPM / OFF
MMC(19),3008,PTR-RHUD-TMB-DED-677,TUMB,677,-1,-1,1,HUD DED/PFLD Data Switch, DED / PFL / OFF
MMC(19),3008,PTR-RHUD-TMB-DED-677,TUMB,677,1,-1,1,HUD DED/PFLD Data Switch, DED / PFL / OFF
MMC(19),3009,PTR-RHUD-TMB-DEPR-678,TUMB,678,-1,-1,1,HUD Depressible Reticle Switch, STBY / PRI / OFF
MMC(19),3009,PTR-RHUD-TMB-DEPR-678,TUMB,678,1,-1,1,HUD Depressible Reticle Switch, STBY / PRI / OFF
MMC(19),3010,PTR-RHUD-TMB-CAS-679,TUMB,679,-1,-1,1,HUD Velocity Switch, CAS / TAS / GND SPD
MMC(19),3010,PTR-RHUD-TMB-CAS-679,TUMB,679,1,-1,1,HUD Velocity Switch, CAS / TAS / GND SPD
MMC(19),3011,PTR-RHUD-TMB-ALT-680,TUMB,680,-1,-1,1,HUD Altitude Switch, RADAR / BARO / AUTO
MMC(19),3011,PTR-RHUD-TMB-ALT-680,TUMB,680,1,-1,1,HUD Altitude Switch, RADAR / BARO / AUTO
MMC(19),3012,PTR-RHUD-TMB-DAYNGT-681,TUMB,681,-1,-1,1,HUD Brightness Control Switch, DAY / AUTO BRT / NIGHT
MMC(19),3012,PTR-RHUD-TMB-DAYNGT-681,TUMB,681,1,-1,1,HUD Brightness Control Switch, DAY / AUTO BRT / NIGHT
MMC(19),3013,PTR-RHUD-TMB-TEST-682,TUMB,682,-1,-1,1,HUD TEST Switch, STEP / ON / OFF
MMC(19),3013,PTR-RHUD-TMB-TEST-682,TUMB,682,1,-1,1,HUD TEST Switch, STEP / ON / OFF
MMC(19),3014,PTR-AVIPWR-TMB-MFD-717,TUMB,717,-1,0,1,MFD Switch, MFD/OFF
MMC(19),3014,PTR-AVIPWR-TMB-MFD-717,TUMB,717,1,0,1,MFD Switch, MFD/OFF
OXYGEN_INTERFACE(8),3001,PTR-OXYCP-LVR-SUPP-728,TUMB,728,-0.5,0,1,Supply Lever, PBG/ON/OFF
OXYGEN_INTERFACE(8),3001,PTR-OXYCP-LVR-SUPP-728,TUMB,728,0.5,0,1,Supply Lever, PBG/ON/OFF
OXYGEN_INTERFACE(8),3002,PTR-OXYCP-LVR-DUL-727,TUMB,727,-1,0,1,Diluter Lever, 100 percent/NORM
OXYGEN_INTERFACE(8),3002,PTR-OXYCP-LVR-DUL-727,TUMB,727,1,0,1,Diluter Lever, 100 percent/NORM
OXYGEN_INTERFACE(8),3003,PTR-OXYCP-LVR-EMRG-726,TUMB,726,1,0,1,Emergency Lever, EMERGENCY/NORMAL/TEST MASK(momentarily)
OXYGEN_INTERFACE(8),3004,PTR-OXYCP-LVR-EMRG-726,BTN,726,-1,-1,0,Emergency Lever, EMERGENCY/NORMAL/TEST MASK(momentarily)
OXYGEN_INTERFACE(8),3005,PTR-TESTCP-TMB-OXY-576,BTN,576,1,0,1,OBOGS BIT Switch, BIT/OFF
OXYGEN_INTERFACE(8),3005,PTR-TESTCP-TMB-OXY-576,BTN,576,1,0,1,OBOGS BIT Switch, BIT/OFF
RALT(15),3001,PTR-SNSR-TMB-RDR-673,TUMB,673,-1,-1,1,RDR ALT Switch, RDR ALT/STBY/OFF
RALT(15),3001,PTR-SNSR-TMB-RDR-673,TUMB,673,1,-1,1,RDR ALT Switch, RDR ALT/STBY/OFF
RWR(33),3001,PTR-CMSC-LVR-BRT-140,LEV,140,0,0,0.8,RWR Intensity Knob - Rotate to adjust brightness
RWR(33),3002,PTR-CMSC-BTN-HNDOFF-141,BTN,141,1,0,1,RWR Indicator Control HANDOFF Button
RWR(33),3003,PTR-CMSC-BTN-LNCH-143,BTN,143,1,0,1,RWR Indicator Control LAUNCH Button
RWR(33),3004,PTR-CMSC-BTN-MODE-145,BTN,145,1,0,1,RWR Indicator Control MODE Button
RWR(33),3005,PTR-CMSC-BTN-OBJ-147,BTN,147,1,0,1,RWR Indicator Control UNKNOWN SHIP Button
RWR(33),3006,PTR-CMSC-BTN-STEST-149,BTN,149,1,0,1,RWR Indicator Control SYS TEST Button
RWR(33),3007,PTR-CMSC-BTN-T-151,BTN,151,1,0,1,RWR Indicator Control T Button
RWR(33),3008,PTR-TWAP-LVR-DIM-404,LEV,404,0,0,1,RWR Indicator Control DIM Knob - Rotate to adjust brightness
RWR(33),3009,PTR-TWAP-BTN-SRCH-395,BTN,395,1,0,1,RWR Indicator Control SEARCH Button
RWR(33),3010,PTR-TWAP-BTN-ACTPWR-397,BTN,397,1,0,1,RWR Indicator Control ACT/PWR Button
RWR(33),3011,PTR-TWAP-BTN-PWR-401,TUMB,401,-1,0,1,RWR Indicator Control POWER Button
RWR(33),3011,PTR-TWAP-BTN-PWR-401,TUMB,401,1,0,1,RWR Indicator Control POWER Button
RWR(33),3012,PTR-TWAP-BTN-ALT-399,BTN,399,1,0,1,RWR Indicator Control ALTITUDE Button
SAI(47),3002,PTR-SAI-LVR-CAGE-P-66,BTN,67,1,0,1,SAI Cage Knob, (LMB) Pull to cage /(MW) Adjust aircraft reference symbol
SAI(47),3003,PTR-SAI-LVR-CAGE-P-66,LEV,66,1,0.375,0.625,SAI Cage Knob, (LMB) Pull to cage /(MW) Adjust aircraft reference symbol
SMS(22),3001,PTR-AVIPWR-TMB-STSTA-716,TUMB,716,-1,0,1,ST STA Switch, ST STA/OFF
SMS(22),3001,PTR-AVIPWR-TMB-STSTA-716,TUMB,716,1,0,1,ST STA Switch, ST STA/OFF
SMS(22),3002,PTR-SNSR-TMB-LEFT-670,TUMB,670,-1,0,1,LEFT HDPT Switch, ON/OFF
SMS(22),3002,PTR-SNSR-TMB-LEFT-670,TUMB,670,1,0,1,LEFT HDPT Switch, ON/OFF
SMS(22),3003,PTR-SNSR-TMB-RIGHT-671,TUMB,671,-1,0,1,RIGHT HDPT Switch, ON/OFF
SMS(22),3003,PTR-SNSR-TMB-RIGHT-671,TUMB,671,1,0,1,RIGHT HDPT Switch, ON/OFF
SMS(22),3004,PTR-CLCP-TMB-LASER-103,TUMB,103,-1,0,1,LASER ARM Switch, ARM/OFF
SMS(22),3004,PTR-CLCP-TMB-LASER-103,TUMB,103,1,0,1,LASER ARM Switch, ARM/OFF
UFC(17),3001,PTR-AVIPWR-TMB-UFC-718,TUMB,718,-1,0,1,UFC Switch, UFC/OFF
UFC(17),3001,PTR-AVIPWR-TMB-UFC-718,TUMB,718,1,0,1,UFC Switch, UFC/OFF
UFC(17),3002,PTR-ICP-BTN-NMB0-182,BTN,182,1,0,1,ICP Priority Function Button, 0(M-SEL)
UFC(17),3003,PTR-ICP-BTN-NMB1-171,BTN,171,1,0,1,ICP Priority Function Button, 1(T-ILS)
UFC(17),3004,PTR-ICP-BTN-NMB2-172,BTN,172,1,0,1,ICP Priority Function Button, 2/N(ALOW)
UFC(17),3005,PTR-ICP-BTN-NMB3-173,BTN,173,1,0,1,ICP Priority Function Button, 3
UFC(17),3006,PTR-ICP-BTN-NMB4-175,BTN,175,1,0,1,ICP Priority Function Button, 4/W(STPT)
UFC(17),3007,PTR-ICP-BTN-NMB5-176,BTN,176,1,0,1,ICP Priority Function Button, 5(CRUS)
UFC(17),3008,PTR-ICP-BTN-NMB6-177,BTN,177,1,0,1,ICP Priority Function Button, 6/E(TIME)
UFC(17),3009,PTR-ICP-BTN-NMB7-179,BTN,179,1,0,1,ICP Priority Function Button, 7(MARK)
UFC(17),3010,PTR-ICP-BTN-NMB8-180,BTN,180,1,0,1,ICP Priority Function Button, 8/S(FIX)
UFC(17),3011,PTR-ICP-BTN-NMB9-181,BTN,181,1,0,1,ICP Priority Function Button, 9(A-CAL)
UFC(17),3012,PTR-ICP-BTN-COM1-165,BTN,165,1,0,1,ICP COM Override Button, COM1(UHF)
UFC(17),3013,PTR-ICP-BTN-COM2-166,BTN,166,1,0,1,ICP COM Override Button, COM2(VHF)
UFC(17),3014,PTR-ICP-BTN-IFF-167,BTN,167,1,0,1,ICP IFF Override Button, IFF
UFC(17),3015,PTR-ICP-BTN-LIST-168,BTN,168,1,0,1,ICP LIST Override Button, LIST
UFC(17),3016,PTR-ICP-BTN-ENTR-178,BTN,178,1,0,1,ICP Enter Button, ENTR
UFC(17),3017,PTR-ICP-BTN-RCL-174,BTN,174,1,0,1,ICP Recall Button, RCL
UFC(17),3018,PTR-ICP-BTN-AA-169,BTN,169,1,0,1,ICP Master Mode Button, A-A
UFC(17),3019,PTR-ICP-BTN-AG-170,BTN,170,1,0,1,ICP Master Mode Button, A-G
UFC(17),3020,PTR-ICP-LVR-RET-192,LEV,192,0,0,1,ICP Reticle Depression Control Knob
UFC(17),3021,PTR-ICP-LVR-CONT-193,LEV,193,0,0,1,ICP Raster Contrast Knob
UFC(17),3022,PTR-ICP-LVR-SYM-190,LEV,190,0,0,1,ICP HUD Symbology Intensity Knob
UFC(17),3023,PTR-ICP-LVR-BRT-191,LEV,191,0,0,1,ICP Raster Intensity Knob
UFC(17),3024,PTR-ICP-BTN-WX-187,BTN,187,1,0,1,ICP FLIR Polarity Button, Wx
UFC(17),3025,PTR-ICP-RS-FLIR-UP-188,BTN,188,1,0,1,ICP FLIR Increment/Decrement Switch, Up
UFC(17),3026,PTR-ICP-RS-FLIR-DN-188,BTN,188,-1,-1,0,ICP FLIR Increment/Decrement Switch, Down
UFC(17),3027,PTR-ICP-TMB-GAIN-189,TUMB,189,-1,-1,1,ICP FLIR GAIN/LEVEL Switch, GAIN/LVL/AUTO
UFC(17),3027,PTR-ICP-TMB-GAIN-189,TUMB,189,1,-1,1,ICP FLIR GAIN/LEVEL Switch, GAIN/LVL/AUTO
UFC(17),3028,PTR-ICP-TMB-DRIFT-186,TUMB,186,1,0,1,ICP DRIFT CUTOUT/WARN RESET Switch, DRIFT C/O /NORM/WARN RESET
UFC(17),3029,PTR-ICP-TMB-DRIFT-186,BTN,186,-1,-1,0,ICP DRIFT CUTOUT/WARN RESET Switch, DRIFT C/O /NORM/WARN RESET
UFC(17),3030,PTR-ICP-RS-OFF-UP-183,BTN,183,1,0,1,ICP DED Increment/Decrement Switch, Up
UFC(17),3031,PTR-ICP-RS-OFF-DN-183,BTN,183,-1,-1,0,ICP DED Increment/Decrement Switch, Down
UFC(17),3032,PTR-ICP-TMB-RTN-184,BTN,184,-1,-1,0,ICP Data Control Switch, RTN
UFC(17),3032,PTR-ICP-TMB-RTN-184,BTN,184,-1,-1,0,ICP Data Control Switch, RTN
UFC(17),3033,PTR-ICP-TMB-SEQ-184,BTN,184,1,0,1,ICP Data Control Switch, SEQ
UFC(17),3033,PTR-ICP-TMB-SEQ-184,BTN,184,1,0,1,ICP Data Control Switch, SEQ
UFC(17),3034,PTR-ICP-TMB-RTNSEQ-UP-185,BTN,185,1,0,1,ICP Data Control Switch, UP
UFC(17),3034,PTR-ICP-TMB-RTNSEQ-UP-185,BTN,185,1,0,1,ICP Data Control Switch, UP
UFC(17),3035,PTR-ICP-TMB-RTNSEQ-DN-185,BTN,185,-1,-1,0,ICP Data Control Switch, DN
UFC(17),3035,PTR-ICP-TMB-RTNSEQ-DN-185,BTN,185,-1,-1,0,ICP Data Control Switch, DN
UFC(17),3036,PTR-CPBC-BTN-FACK-122,BTN,122,1,0,1,F-ACK Button
UFC(17),3037,PTR-CPBC-BTN-IFF-125,BTN,125,1,0,1,IFF IDENT Button
UFC(17),3038,PTR-CLCP-TMB-RF-100,TUMB,100,-1,-1,1,RF Switch, SILENT/QUIET/NORM
UFC(17),3038,PTR-CLCP-TMB-RF-100,TUMB,100,1,-1,1,RF Switch, SILENT/QUIET/NORM
UHF_CONTROL_PANEL(37),3001,PTR-ANARC164-CHNL-SELECTOR-410,TUMB,410,-0.05,0,0.95,UHF CHAN Knob
UHF_CONTROL_PANEL(37),3001,PTR-ANARC164-CHNL-SELECTOR-410,TUMB,410,0.05,0,0.95,UHF CHAN Knob
UHF_CONTROL_PANEL(37),3002,PTR-ANARC164-100MHZ-SEL-411,TUMB,411,-0.1,0.1,0.3,UHF Manual Frequency Knob 100 MHz
UHF_CONTROL_PANEL(37),3002,PTR-ANARC164-100MHZ-SEL-411,TUMB,411,0.1,0.1,0.3,UHF Manual Frequency Knob 100 MHz
UHF_CONTROL_PANEL(37),3003,PTR-ANARC164-10MHZ-SEL-412,TUMB,412,-0.1,0,0.9,UHF Manual Frequency Knob 10 MHz
UHF_CONTROL_PANEL(37),3003,PTR-ANARC164-10MHZ-SEL-412,TUMB,412,0.1,0,0.9,UHF Manual Frequency Knob 10 MHz
UHF_CONTROL_PANEL(37),3004,PTR-ANARC164-1MHZ-SEL-413,TUMB,413,-0.1,0,0.9,UHF Manual Frequency Knob 1 MHz
UHF_CONTROL_PANEL(37),3004,PTR-ANARC164-1MHZ-SEL-413,TUMB,413,0.1,0,0.9,UHF Manual Frequency Knob 1 MHz
UHF_CONTROL_PANEL(37),3005,PTR-ANARC164-0.1MHZ-SEL-414,TUMB,414,-0.1,0,0.9,UHF Manual Frequency Knob 0.1 MHz
UHF_CONTROL_PANEL(37),3005,PTR-ANARC164-0.1MHZ-SEL-414,TUMB,414,0.1,0,0.9,UHF Manual Frequency Knob 0.1 MHz
UHF_CONTROL_PANEL(37),3006,PTR-ANARC164-0.025MHZ-SEL-415,TUMB,415,-0.25,0,0.75,UHF Manual Frequency Knob 0.025 MHz
UHF_CONTROL_PANEL(37),3006,PTR-ANARC164-0.025MHZ-SEL-415,TUMB,415,0.25,0,0.75,UHF Manual Frequency Knob 0.025 MHz
UHF_CONTROL_PANEL(37),3007,PTR-ANARC164-FREQMODE-416,TUMB,416,-0.1,0,0.2,UHF Mode Knob
UHF_CONTROL_PANEL(37),3007,PTR-ANARC164-FREQMODE-416,TUMB,416,0.1,0,0.2,UHF Mode Knob
UHF_CONTROL_PANEL(37),3008,PTR-ANARC164-FUNCTION-417,TUMB,417,-0.1,0,0.3,UHF Function Knob
UHF_CONTROL_PANEL(37),3008,PTR-ANARC164-FUNCTION-417,TUMB,417,0.1,0,0.3,UHF Function Knob
UHF_CONTROL_PANEL(37),3009,PTR-ANARC164-T-TONE-418,BTN,418,1,0,1,UHF Tone Button
UHF_CONTROL_PANEL(37),3010,PTR-ANARC164-SQUELCH-419,TUMB,419,-1,0,1,UHF SQUELCH Switch
UHF_CONTROL_PANEL(37),3010,PTR-ANARC164-SQUELCH-419,TUMB,419,1,0,1,UHF SQUELCH Switch
UHF_CONTROL_PANEL(37),3011,PTR-ANARC164-VOLUME-420,LEV,420,0,0,1,UHF VOL Knob
UHF_CONTROL_PANEL(37),3012,PTR-ANARC164-TEST-DISPLAY-421,BTN,421,1,0,1,UHF TEST DISPLAY Button
UHF_CONTROL_PANEL(37),3013,PTR-ANARC164-STATUS-422,BTN,422,1,0,1,UHF STATUS Button
UHF_CONTROL_PANEL(37),3014,PTR_ANARC164-CHNL-SELECTOR01-734,TUMB,734,-1,0,1,Access Door, OPEN/CLOSE
UHF_CONTROL_PANEL(37),3014,PTR_ANARC164-CHNL-SELECTOR01-734,TUMB,734,1,0,1,Access Door, OPEN/CLOSE
